1048585	what is paula deen's brother
2	 Androgen receptor define
524332	treating tension headaches without medication
1048642	what is paranoid sc
524447	treatment of varicose veins in legs
786674	what is prime rate in canada
1048876	who plays young dr mallard on ncis
1048917	what is operating system misconfiguration
786786	what is priority pass
524699	tricare service number
1048995	who proposed the geocentric theory
786857	what is probability biology
524722	tricuspid atresia definition
873886	what level does zubat evolves to
524733	trigeminal definition
786918	what is process control equipment
786937	what is process improvement (lean six sigma)
1049085	what is on the outside of dna
262232	how long is a day on ven
524835	tristesse definition
524848	trivex lenses cost
1049200	who recorded loving you
1049221	who recorded the song still the one?
1049329	what is nyu ranked
1049368	who s sherlock holmes
787255	what is project charter in project management
262974	how long is a typical car loan?
1049456	what is nortriptyline prescribed for
1049774	cost of attendance eastern illinois university
525534	turkey and china time difference
1288	3/5 of 60
1049894	who sang i feel wonderful tonight
787784	what is provocative allergy testing
1049955	what is net gain
1050007	who sang louie louie louie louie
525779	twin tower adress
263670	how long is flight from hyd to dubai
811852	what is the common name for jade
1576	60x40 slab cost
525868	two rivers supervisory union
306105	how much do jockeys have to weigh
1050231	what is nabumetone used to treat
1050253	who sang the song i had the time of my life
526013	type of antibiotic is oseltamivir
263889	how long is if your on disability
788431	what is puritus ani fast
264150	how long is mount beacon
526331	types of anti depression medication
788484	what is purpose of sim card
1050670	who sing the song just swinging
1050695	what is motor dyspraxia
264284	how long is peak time for morphine
1050747	who sings arabian nights aladdin
1050778	what is monological illusion
2235	Bethel University was founded in what year
264410	how long is recovery from hemorrhoid banding
788702	what is qa?
1050857	who sings c'est la vie music
437291	largest shipping day of year
1050923	what is milk thistle useful in treating?
526671	types of business entities
264594	how long is super bowl game
830531	what is the maximum yearly retirement contributions
1051095	who sings hey good looking
1051108	what is methylphenidate generic for
1051112	what is methanogens
789037	what is quillaia
1051211	what is mepap certification
1051214	what is meningitis.
1051223	what is menhir
1051257	what is megatron called
264827	how long is the flight from chicago to cairo
526984	types of coffee drinks mocha latte
1051279	what is medjool dates
1051285	what is medicine acyclovir used for
1051307	what is medical term for neck fusion?
1051339	what is medical aki
1051352	what is mechanical advantages in science terms
1051372	cost for child cineplex
2798	Does Suddenlink Carry ESPN3
1051422	what is mean streaming
789292	what is radio miraya
1051475	what is mca and get weekly paychecks fake?
789332	what is radiofrequency ablation?
1051520	what is maxim
1051530	what is mastoidectomy
2962	Explain what a bone scan is and what it is used for.
1051571	what is marilyn manson music called
961705	when was the little prince book lished?
1038859	what is the goddess of agriculture in greek mythology
1091234	proton pump used for what
1051723	what is lone star trim
1051755	who sings take this world by storm
527568	types of ethnic foods list
1051886	who sings the song animals animals
1051902	what is lips
527625	types of eyebrow shapes
1051942	what is limericks
1051943	cost alternative to restasis
527769	types of flowering cactus
1052115	what is lemon party
527853	types of french fry cuts
265729	how long keep financial records
790059	what is rectocele?
1052274	what is korean seafood pancake
790178	what is reentry court
265960	how long nyquil kicks in
528117	types of honeysuckle
1052421	who starred in movie reckless?
1052427	who starred in north to alaska
838116	what is the origin of the word punk?
1052563	who stars in the tv show taken
1052585	what is john wayne real name
1091264	product level activity define
1052640	what is jelly in the us
830812	what is the meaning of astute
1052717	who started the tesla car company
1005595	when dividing what is the quotient
1052948	who unified italy mazzini,garibaldi or cavour
568709	what are the dent
1052965	what is ios devices mean
1052985	what is ion plating on jewelry
528760	types of metal plating
1053111	who voices steven universe
528841	types of mongooses animals
525047	trumbull marriott fax number
266760	how long should i boil corn on the cob?
1053219	what is insurance in law
1053253	what is institutional discrimination?
4696	Is the Louisiana sales tax 4.75
791140	what is respite
266920	how long should i slow cook ribs
791223	what is restoril medication
529090	types of owls in nebraska
267012	how long should i wait to handle my ball python after feeding
529230	types of pin
4947	Ludacris Net Worth
1053611	what is in a chunky bar
830973	what is the meaning of e.g.
1053716	what is ibm chat
568841	what are the differences with winter and summer
267341	how long should you allow a calf to nurse
1053896	what is hyper-v heartbeat service
1053901	what is hydroxyz pam used for
1053931	what is hra and hsa
1053992	who was first u.s president to resign from office
1053997	who was foreign minister molotov
267566	how long should you rinse your eyes in a safety eye wash
791862	what is rinky dink
1054023	what is hold mail
791916	what is risk management? give example
568895	what are the different kinds of arthritis
267644	how long should you wait in a walk in
918424	what was grenfell
1054186	what is hdl is that good or bad cholesterol
1054189	what is hcg for weight loss
529918	types of standards for frequency generators
1054328	what is guarantee bond
792187	what is rohs testing
1054339	what is growth objective
1093231	mandibular functions
1054438	what is grievances
1054450	what is green soap used for
1054451	what is green information technology
1054468	what is google doing in the cloud
5925	Sony PS-LX300USB how to connect to pc
44686	average temp in hana hi
1054593	what is glass sightline
1054610	who was john watson
1091163	racket define
1054707	what is gel in chemistry
792595	what is rs medical definition?
6217	The hormone that does the opposite of calcitonin is
1091337	price per month for hackett security
530572	types of wrist brace
792742	what is ruby used for
530601	types ofsexual disorder mayo
1054923	what is full recourse guaranty
1054958	what is freeroll in poker tournaments
1054969	what is freddie mac first look initiative
792847	what is rustic italian food
1054999	what is framework in information
1055125	what is force fluids mean
1055176	what is floxin otic
1055197	what is flex fuel on a jeep?
1055351	who was richard nixon
531142	typing average words per minute test
1091360	price of forever stamp now
1055505	continual define
793475	what is samsung defreeze code
831302	what is the meaning of nirvana
242713	how long can u keep fresh eggs for
1055717	what is epic database for healthcare
531490	uh uh definition
1215	3 levels of government in canada and their responsibilities
1055889	what is endocrinology clinic
1093487	laws synonyms
1055940	what is employee churn
531676	umeclidinium cost
1056057	what is electric baseboard heating
1056060	what is elbaite
831380	what is the meaning of pound
1056211	constructivism education define
1056265	what is dry rot answers
307118	how much do rear brakes and rotors cost
1056303	what is doxycycline hyclate used for treating
166111	does excessive spinach consumption cause kidney stones
1056420	who was the hoosier poet
1056437	what is does un stands for
1056482	who was the last confederate soldier to surrender?
7968	When did the earthquake hit San Francisco during the World Series
1056548	who was the lone survivor
270140	how long to cook sauerkraut and fresh kielbasa in slow cooker
1056580	what is disease models
794469	what is sdna computer
1056644	what is diflorasone diacetate cream used for
1056726	what is diagnosis of engineering
1056758	what is depreciation of products
794625	what is secession
525660	turpentine slang meaning
1100134	are life insurance policies protected information?
1056850	who was the stig?
270422	how long to do rotisserie chicken
1056950	who was the woman who sang in wicked & rent?
270520	how long to fast before stress test
270521	how long to fast blood test
1057015	what is deck over on gooseneck trailers
270603	how long to fry okra
794893	what is selective media
270642	how long to get a bachelors
1057098	who was was a ugandan dictator
1057112	what is datum target
1057139	what is database software? quizlet
1057168	who was yankee doodle
1057251	who were george washington's parents
1057270	who were marilyn monroe's friends
88831	causes of trigger finger in children
8714	_____ is the name used to refer to the era of legalized segregation in the united states
1057334	what is custom software
533105	upstart meaning
8854	________ disparity refers to the slightly different view of the world that each eye receives.cyclopeanbinocularmonoculartrichromatic
1057446	who were the founder of ibm
1057476	who were the hyksos people
1057488	who were the kings of denmark
1057539	what is crime rate for new port richey fl
569473	what are the effects of sediment transport
1057656	what is county mean
9083	____________________ is considered the father of modern medicine.
533398	us army green beret training
1057708	confirmation number definition
569507	what are the eight steps of the troop leading process
1057757	who won ct election
1057937	confident man definition
1057996	what is considered the love apple
9454	a simple definition for the word bias.
1058036	what is considered human service experience
1058100	who wrote california dreaming
795991	what is siam
1058140	who wrote creep
1058141	what is conjugated
1058142	what is congenital sclerocornea?
1058165	who wrote dear john song
1058182	what is compressed air
794665	what is secondary ptsd
1058271	what is community legal service
1058325	what is collier investments inc
1058415	who wrote jude the obscure
1058442	what is cmc program
1058470	what is clockspring
272075	how long to saute potatoes
831784	what is the meaning of the root shared by the words project and eject? weegy
534305	usaa home insurance phone number
1058601	what is chromosome coiling
1058604	what is chromium bro
569674	what are the factors in a marketing mix?
220151	how do river otters see underwater?
10205	accelerated cml symptoms
1058792	computing definition
1058822	who wrote the book ninjago
10276	access, how to go to most recent record
1058885	what is causing the constant dry heaving and nausea
10312	accordian definition
534617	userra definition
272500	how long to wait between perm and color
1058952	what is cataflam
1058978	who wrote the kentucky waltz
1059045	what is cameroon most important resource
1059077	composite object definition
1094039	is qgenda a software
534941	usps schedule a delivery
272815	how long until boiled eggs are done
1059253	what is buckyball
1059287	what is bst in
1059420	what is boiled wool
1059421	what is body hives
535142	utm rounds
1059442	who wrote when the levee breaks
273014	how long until you see gains from test e
1059496	what is blue ice in a lake
1059504	who's billy bush?
11006	actress who plays alice on the magicians
1059601	what is block paintings
1059619	who's the killer
11050	actress who turned down pretty woman & ghost
1059646	who's voice come from?
1059698	compare cost of dental implants
11133	acute myelogenous leukemia age
1059801	whos the third president of usa
273449	how long will cut melon stay good
535599	vanda orchids different leaf types
273481	how long will food last in the refrigerator without power
535627	vanguard wellesley income
273522	how long will heroin be detected in a urine test
1059970	why actuator is used
535743	varicose veins spiritual meaning
1060039	what is beverly hills md
1060040	what is betts
176677	during pregnancy, when does the baby get in the head down position
1094191	is common law marriage legal in what states
812190	what is the constitution act 1867
1060305	why are clouds flat at the bottom
1060342	what is battery life f
1060391	what is barbra streisand net worth
798253	what is southwest airlines baggage policy
798284	what is soya foods
1060462	what is baking chocolate
1094249	is a type of information system that supports a specific functional area in the organization (such as: accounting, human resources or operations)
11913	advanced aerospace engineering salary
1060496	what is badger inc in penn yan ny
274067	how lubrication proximity switch work
1060566	community bank bristow routing number
274175	how many 1000 in 1 million
1060616	why are junction mounts needed for cameras
1060623	what is baby boomers means
536480	verrucous lesion
1060795	what is average wet bulb temp
1006922	which chromosome controls sex characteristics
570023	what are the four most commonly used metric prefixes
262280	how long is a dogs heat cycle?
1060868	what is average roi for advertising
1060881	what is average pay for a warrant officer?
613727	what county is toledo oh in?
536654	vestibular hypofunction definition
45757	average temperatures des moines iowa
482666	prohibition defdinition
798883	what is spoofing in the context of it?
1091545	poct meaning
536791	viable meaning?
798945	what is spotting
570068	what are the four steps in the machine cycle
1004258	when he was born ben franklin
1061167	what is at the base of the aorta
1061210	what is assisted reproductive technology cdc
1061237	what is assassin's creed unity
536995	view pay stub
1094389	insertion point definition
12741	age and weight requirements for children to sit in the front seat
1061324	what is arts integration
1061382	what is arp wave treatments
274981	how many atp does glycolysis produce
1061472	what is aripiprazole used for?
12903	age discrimination in the workplace cases
275049	how many awards did walt disney receive
275137	how many babies in a chipmunk birth?
537301	virginia corporate income tax due date
537410	virus reproduce name
308032	how much do you get paid at build a bear
275355	how many best western points for free night
537505	visceral defined
537526	visible light from the sun
275528	how many books did l ron hubbard write
275534	how many books did montag steal
13397	age not to take off shoes at airline security
537706	vitamin b contraindications
537761	vitamin d deficiency and skin lesions
275629	how many brain cells do you have as a baby
537825	vitamin e is good for what
1062190	why did bob marley die of cancer
1062233	what is animal farm's genre
537995	vittorio cottafavi
1062332	what is an rs in money
1062334	what is an rdas
1062350	what is an oxidation number used for
275997	how many calories are in a slice of ham
1062457	why did franklin d roosevelt launch a new programs during his first hundred days in office
800318	what is string cheese incident
1062511	what is an office administrative assistant salary in alabama
838453	what is the parent company for adidas
1062589	what is an nslookup
538309	volume of earth
1062603	why did italy attack ethiopia in 1935
1094605	in chemical form what do subscripts tell you
1062609	what is an nm hida scan
538333	voluntary muscle definition
538340	voluntary paternity establishment florida
276208	how many calories burn during swimming
46040	average thickness of paper
1062687	commercial buildings definition
14151	age requirements for name change
276298	how many calories do i burn to lose weight
1062744	what is an irr or hurdle rate
276329	how many calories do strawberry jello have
276338	how many calories do you burn by dancing?
276348	how many calories do you burn during one hour of bodypump
1062784	what is an insta pot?
832508	what is the merv rating on filters
1062928	what is an example of speciation
1062961	what is an example of insight thinking
471850	parkinson's disease symptoms depression
576601	what are upright pertrified trees
800987	what is sunchoke
1063177	why did spock die in wrath of khan
818798	what is the difference in a c corp or s corp
1063349	what is an covenant
1063371	what is an aviation medical examiner?
276979	how many calories in a medium smoothie king smoothie
1063461	what is an atm mutation
1063478	columbus texas is in what county
14947	airport code mont tremblant
14963	airport outfit
539278	war guilt clause effect
15039	al baik food houston
15063	alabama central credit union routing number
1063644	what is an amazon center
1063659	why did the supreme court expand the incorporation of the bill of rights
1063702	what is an advocacy project
1063758	colors in code
1063765	what is an act placement test
1063777	what is an achilles heel injury
539601	was abraham lincoln half black
277459	how many calories in fried rice
1063892	colorado routing number loveland colorado
539648	was amelia earhart alone when she crashed
15382	aldridge pite melville ny telephone number
1063974	what is alloy c
277556	how many calories in mahi mahi
15441	alexia medical definition
801907	what is table associated for draw originals in sap
277623	how many calories in one fried oyster
277632	how many calories in one large baked potato
1007473	_______ sediments originate from elements in seawater that precipitate out of solution.
277701	how many calories in publix chicken tender subway
1064140	why do babies fight sleep
277737	how many calories in skyy vodka
1019649	what study for mets to brain
15607	all of the following were created by the first congress in 1789
1064195	what is aircraft ram air
1064206	color of urine
277785	how many calories in tbsp of butter
277799	how many calories in tomatillo sauce
539957	was emily kinney in harry potter
277977	how many calories mcdonalds chicken nuggets
1064473	what is adventure time?
278074	how many calories should be consumed at each meal
802372	what is tarragon sauce
1064518	why do eyelids sag
832790	what is the minimum area needed for a full bathroom
540306	was killed in the philippines, but his ships were the first to circumnavigate the globe
253678	how long does it take for collections to come off credit report
540432	was michael jordan a cub scout
540456	was mulan based on a true story
802634	what is tcp chemical
1064852	why do i need short-term disability insurance?
278429	how many carbs can a type 2 diabetic have per day
1094996	how tall is tacko fall
1064961	collages definition
278542	how many carbs in a quest bar
1065032	why do mice eat themselves
278606	how many carbs in cool whip
278658	how many carbs in one cup of cooked quinoa
1065118	why do my eyes have mucus
16559	american car museum in tacoma wa
1065160	what is a wrongful act for directors and officers
540906	was the great wall of china breached
1065227	why do neptune and uranus appear blue
540983	was the philippines a us territory
278863	how many career games did paul krause play in the nfl.
1095059	average temperatures santa monica ca march
803237	what is terminal velocity for humans
541135	was there a true bagger vance
16860	american translators association how to study
803306	what is test for hep c
1065494	what is a vhf system
1065551	what is a variable factor
1065558	what is a variable account in a annuity
541272	was wilson a good president
541274	was winnie the pooh a boy
1065650	what is a url on my
279229	how many chemicals has the fda banned in cosmetics in the us?
17110	amount of bleach needed to make disinfectant
1095121	how old to be to work at buffalo wild wings
1065712	what is a unit step response
541425	washington state mortgage rates
1065728	what is a u on a credit report
1095126	how old should a baby be able to clap
803599	what is the  mascot of   yale university
541557	wat is cappuccino koffie
46579	average vehicle length
1065971	what is a transfer of debt account?
1065985	why do we need a written constitution
17430	amp definition
1066043	why do we push others away
1066116	why do women get period cramps
279718	how many coats of watco butcher block finish on butcher block
17635	an increase of adh causes the kidneys to ________ the reabsorption of water, causing them to produce _______ urine.
541948	watery blurry eyes
804103	what is the actual us independence day
541969	watt to kilowatt hours
804197	what is the advantage of sexual reproduction
279987	how many corn seeds per acre
17848	anatomy origin definition
17884	anchor hocking phone number
789439	what is rally in agile
658372	what event started world war 1
280223	how many credits for an associate s degree
18101	aneca federal credit union routing number
1066709	what is a tag sale
1066716	what is a systems programmer job description
1066792	why does cupid represent valentine's day
804687	what is the altitude of be
1066916	what is a sulfur atom
1066958	what is a subject access request?
1066966	what is a studio room in assisted living
1066971	what is a student senate
542806	weather climate change
323592	how much is unemployment benefits massachusetts
804996	what is the anthem zip code
1067276	what is a spoiled brat
1067284	what is a splendor in a ship
18759	another name for freestanding sculpture is ________.
280927	how many days can someone wait to file a wrongful termination claim
543251	weather in anacortes wa
134239	definition of electric field
1067587	what is a situational purpose
1067640	what is a signal transduction pathway example
1067659	what is a seller's contribution
281270	how many days for an echeck to process?
1067724	what is a sea stack
1067764	what is a sales cycle process?
1067772	what is a sabbatical policy for nonprofit
1067826	what is a router meaning
543644	weather in cabo december
19457	antithesis definition and examples
805900	what is the average cost of a home in santa rosa california
543813	weather in cleveland area
19552	anxiety: definition
281702	how many days to contact eo office
281704	how many days to defrost
543849	weather in copenhagen denmark in may
1095542	how much rain does phoenix get in a year
543951	weather in danville, ca
1068276	what is a rebuttal expert witness
1068290	what is a realpolitik
544060	weather in dresden august
281930	how many dead bodies on everest
1068408	why does yahoo keep freezing
544123	weather in el valle panama
19940	aplastic anemia causes and symptoms
544277	weather in france in july
544308	weather in germany
544319	weather in gig harbor, wa
282214	how many died in boston bombing
1068715	what is a protocol examples
806574	what is the average monthly car insurance estimate
1068726	why food products or food contaminated wastes cannot be recycled?
282397	how many digits are chinese zip codes
806688	what is the average pay per line for medical transcription
282411	how many digits does a vin have
833507	what is the most common minerals on earth
995787	which bbc radio station specializes in sports commentaries
1068924	why hemorrhagic disease tests due to vitamin k deficiency in infancy
20356	approximately how many moons does uranus have
1068952	what is a priority
305650	how much do first responders make
282530	how many doctors are in the us
20432	aqsarniit meaning
1069028	what is a preliminary source
544745	weather in lahinch ireland
1051990	who sings the song rise up
544811	weather in laurinburg nc
1069108	what is a position paper in research
1069128	what is a portable engine
20597	architectural design
1069222	what is a pmi id
20671	are a category of sugars that contain either one or two molecules
544974	weather in malaga spain in april
1069313	what is a phosphodiesterase inhibitor
833579	what is the most commonly used temperature scale in the scientific community
1069344	what is a phobia of life
1069405	what is a perfect passive participle?
1069474	why is atp needed for glycolysis
1069521	what is a pedicle flap
1069556	why is bioluminescence impacted
283141	how many episodes in Better call saul season 2
545359	weather in nuremberg in august
1052089	what is levofloxacin and what is it used for
1069717	what is a oligarchy def
807585	what is the awakening about kate chopin
545450	weather in ovett
21185	are bequests taxable
576822	what are vitamin b injections for
283344	how many fat and calories in an apple
545575	weather in playa del carmen, quintana roo mexico
178325	effect of salt on water boiling point
283548	how many feet is a survey pole
1069981	what is a mustelidae
1069983	what is a muscle infection called
807880	what is the bcbs anthem insurance
1070131	what is a mortgage derivative security
545847	weather in santiago, chile celsius
808019	what is the benefit of trans fats
21603	are chia seeds safe to eat pregnant
1100581	films material science definition
21741	are cold sores and fever blisters the same
21765	are comic books considered a genre
1095899	how much is a sheet of plywood at lowe's
1070412	why is health communications
21861	are corn snakes poisonous
1070452	what is a mimo receiver
284072	how many gallons is liters
808362	what is the best medication for hemorrhoids
21948	are cycling shoes necessary
1070546	what is a meta analysis vs literature review
463373	net cost basis definition
790110	what is red yeast rice good for
1095952	how much grow light does succulents need
284313	how many gb equal tb?
546459	weather in williamsburg virginia
22231	are eggs or grapes better to fight colds
808716	what is the best treatment for melanoma
1070867	why is it important to have a good job description for any position
47419	average weight of male labrador
284565	how many gram of carbs in eggs?
22479	are florida mangroves protected
1071061	why is kinder gelt provide to german families
546825	weather year round in new york city
1071198	what is a lobster roll?
546956	webmd symptoms of lupus
1071270	why is metric system also called decimal systems of units
547018	webster definition of mourning
547089	wedding venues in dallas
1071389	what is a linear regression distribution type
547139	weekly unemployment claim vt
22882	are herpes contagious
1071485	why is my ping 31 ms
1071534	what is a lantern fish
1071545	what is a labia?
547301	weight in stones conversion
285158	how many grams of sugar does a banana have
1071598	what is a koalas environment
